GEO.id,GEO.id2,GEO.display-label,D001
Id,Id2,Geography,Total
8600000US06390,06390,ZCTA5 06390,236
8600000US10001,10001,ZCTA5 10001,21102
8600000US10002,10002,ZCTA5 10002,81410
8600000US10003,10003,ZCTA5 10003,56024
8600000US10004,10004,ZCTA5 10004,3089
8600000US10005,10005,ZCTA5 10005,7135
8600000US10006,10006,ZCTA5 10006,3011
8600000US10007,10007,ZCTA5 10007,6988
8600000US10009,10009,ZCTA5 10009,61347
8600000US10010,10010,ZCTA5 10010,31834
8600000US10011,10011,ZCTA5 10011,50984
8600000US10012,10012,ZCTA5 10012,24090
8600000US10013,10013,ZCTA5 10013,27700
8600000US10014,10014,ZCTA5 10014,31959
8600000US10016,10016,ZCTA5 10016,54183
8600000US10017,10017,ZCTA5 10017,16575
8600000US10018,10018,ZCTA5 10018,5229
8600000US10019,10019,ZCTA5 10019,42870
8600000US10020,10020,ZCTA5 10020,0
8600000US10021,10021,ZCTA5 10021,43631
8600000US10022,10022,ZCTA5 10022,31924
8600000US10023,10023,ZCTA5 10023,60998
8600000US10024,10024,ZCTA5 10024,59283
8600000US10025,10025,ZCTA5 10025,94600
8600000US10026,10026,ZCTA5 10026,34003
8600000US10027,10027,ZCTA5 10027,59707
8600000US10028,10028,ZCTA5 10028,45141
8600000US10029,10029,ZCTA5 10029,76003
8600000US10030,10030,ZCTA5 10030,26999
8600000US10031,10031,ZCTA5 10031,56438
8600000US10032,10032,ZCTA5 10032,57331
8600000US10033,10033,ZCTA5 10033,53926
8600000US10034,10034,ZCTA5 10034,38908
8600000US10035,10035,ZCTA5 10035,33969
8600000US10036,10036,ZCTA5 10036,24711
8600000US10037,10037,ZCTA5 10037,17416
8600000US10038,10038,ZCTA5 10038,20300
8600000US10039,10039,ZCTA5 10039,24527
8600000US10040,10040,ZCTA5 10040,41905
8600000US10044,10044,ZCTA5 10044,11661
8600000US10065,10065,ZCTA5 10065,32270
8600000US10069,10069,ZCTA5 10069,5199
8600000US10075,10075,ZCTA5 10075,26121
8600000US10103,10103,ZCTA5 10103,3
8600000US10110,10110,ZCTA5 10110,0
8600000US10111,10111,ZCTA5 10111,0
8600000US10112,10112,ZCTA5 10112,0
8600000US10115,10115,ZCTA5 10115,0
8600000US10119,10119,ZCTA5 10119,92
8600000US10128,10128,ZCTA5 10128,60453
8600000US10152,10152,ZCTA5 10152,0
8600000US10153,10153,ZCTA5 10153,0
8600000US10154,10154,ZCTA5 10154,0
8600000US10162,10162,ZCTA5 10162,1685
8600000US10165,10165,ZCTA5 10165,2
8600000US10167,10167,ZCTA5 10167,0
8600000US10168,10168,ZCTA5 10168,0
8600000US10169,10169,ZCTA5 10169,0
8600000US10170,10170,ZCTA5 10170,2
8600000US10171,10171,ZCTA5 10171,0
8600000US10172,10172,ZCTA5 10172,0
8600000US10173,10173,ZCTA5 10173,2
8600000US10174,10174,ZCTA5 10174,0
8600000US10177,10177,ZCTA5 10177,0
8600000US10199,10199,ZCTA5 10199,9
8600000US10271,10271,ZCTA5 10271,0
8600000US10278,10278,ZCTA5 10278,0
8600000US10279,10279,ZCTA5 10279,0
8600000US10280,10280,ZCTA5 10280,7853
8600000US10282,10282,ZCTA5 10282,4783
8600000US10301,10301,ZCTA5 10301,39706
8600000US10302,10302,ZCTA5 10302,19088
8600000US10303,10303,ZCTA5 10303,26337
8600000US10304,10304,ZCTA5 10304,42193
8600000US10305,10305,ZCTA5 10305,41749
8600000US10306,10306,ZCTA5 10306,55909
8600000US10307,10307,ZCTA5 10307,14096
8600000US10308,10308,ZCTA5 10308,27357
8600000US10309,10309,ZCTA5 10309,32519
8600000US10310,10310,ZCTA5 10310,24962
8600000US10311,10311,ZCTA5 10311,0
8600000US10312,10312,ZCTA5 10312,59304
8600000US10314,10314,ZCTA5 10314,85510
8600000US10451,10451,ZCTA5 10451,45713
8600000US10452,10452,ZCTA5 10452,75371
8600000US10453,10453,ZCTA5 10453,78309
8600000US10454,10454,ZCTA5 10454,37337
8600000US10455,10455,ZCTA5 10455,39665
8600000US10456,10456,ZCTA5 10456,86547
8600000US10457,10457,ZCTA5 10457,70496
8600000US10458,10458,ZCTA5 10458,79492
8600000US10459,10459,ZCTA5 10459,47308
8600000US10460,10460,ZCTA5 10460,57311
8600000US10461,10461,ZCTA5 10461,50502
8600000US10462,10462,ZCTA5 10462,75784
8600000US10463,10463,ZCTA5 10463,67970
8600000US10464,10464,ZCTA5 10464,4534
8600000US10465,10465,ZCTA5 10465,42230
8600000US10466,10466,ZCTA5 10466,67813
8600000US10467,10467,ZCTA5 10467,97060
8600000US10468,10468,ZCTA5 10468,76103
8600000US10469,10469,ZCTA5 10469,66631
8600000US10470,10470,ZCTA5 10470,15293
8600000US10471,10471,ZCTA5 10471,22922
8600000US10472,10472,ZCTA5 10472,66358
8600000US10473,10473,ZCTA5 10473,58519
8600000US10474,10474,ZCTA5 10474,12281
8600000US10475,10475,ZCTA5 10475,40931
8600000US10501,10501,ZCTA5 10501,1219
8600000US10502,10502,ZCTA5 10502,5487
8600000US10503,10503,ZCTA5 10503,108
8600000US10504,10504,ZCTA5 10504,7987
8600000US10505,10505,ZCTA5 10505,851
8600000US10506,10506,ZCTA5 10506,5790
8600000US10507,10507,ZCTA5 10507,6408
8600000US10509,10509,ZCTA5 10509,19507
8600000US10510,10510,ZCTA5 10510,9988
8600000US10511,10511,ZCTA5 10511,2246
8600000US10512,10512,ZCTA5 10512,25590
8600000US10514,10514,ZCTA5 10514,11946
8600000US10516,10516,ZCTA5 10516,5289
8600000US10517,10517,ZCTA5 10517,539
8600000US10518,10518,ZCTA5 10518,1268
8600000US10519,10519,ZCTA5 10519,316
8600000US10520,10520,ZCTA5 10520,12810
8600000US10522,10522,ZCTA5 10522,10875
8600000US10523,10523,ZCTA5 10523,7444
8600000US10524,10524,ZCTA5 10524,4421
8600000US10526,10526,ZCTA5 10526,1809
8600000US10527,10527,ZCTA5 10527,908
8600000US10528,10528,ZCTA5 10528,12280
8600000US10530,10530,ZCTA5 10530,12604
8600000US10532,10532,ZCTA5 10532,4931
8600000US10533,10533,ZCTA5 10533,7322
8600000US10535,10535,ZCTA5 10535,555
8600000US10536,10536,ZCTA5 10536,10739
8600000US10537,10537,ZCTA5 10537,2416
8600000US10538,10538,ZCTA5 10538,16597
8600000US10541,10541,ZCTA5 10541,26339
8600000US10543,10543,ZCTA5 10543,20135
8600000US10545,10545,ZCTA5 10545,141
8600000US10546,10546,ZCTA5 10546,1277
8600000US10547,10547,ZCTA5 10547,7647
8600000US10548,10548,ZCTA5 10548,3487
8600000US10549,10549,ZCTA5 10549,16638
8600000US10550,10550,ZCTA5 10550,37144
8600000US10552,10552,ZCTA5 10552,19786
8600000US10553,10553,ZCTA5 10553,10170
8600000US10560,10560,ZCTA5 10560,4737
8600000US10562,10562,ZCTA5 10562,31796
8600000US10566,10566,ZCTA5 10566,23570
8600000US10567,10567,ZCTA5 10567,19929
8600000US10570,10570,ZCTA5 10570,12680
8600000US10573,10573,ZCTA5 10573,38352
8600000US10576,10576,ZCTA5 10576,5116
8600000US10577,10577,ZCTA5 10577,6552
8600000US10578,10578,ZCTA5 10578,681
8600000US10579,10579,ZCTA5 10579,8675
8600000US10580,10580,ZCTA5 10580,17208
8600000US10583,10583,ZCTA5 10583,38982
8600000US10588,10588,ZCTA5 10588,2282
8600000US10589,10589,ZCTA5 10589,8475
8600000US10590,10590,ZCTA5 10590,6767
8600000US10591,10591,ZCTA5 10591,22540
8600000US10594,10594,ZCTA5 10594,5117
8600000US10595,10595,ZCTA5 10595,8195
8600000US10596,10596,ZCTA5 10596,1729
8600000US10597,10597,ZCTA5 10597,968
8600000US10598,10598,ZCTA5 10598,28647
8600000US10601,10601,ZCTA5 10601,11376
8600000US10603,10603,ZCTA5 10603,17045
8600000US10604,10604,ZCTA5 10604,11250
8600000US10605,10605,ZCTA5 10605,18126
8600000US10606,10606,ZCTA5 10606,16499
8600000US10607,10607,ZCTA5 10607,6824
8600000US10701,10701,ZCTA5 10701,63393
8600000US10703,10703,ZCTA5 10703,20301
8600000US10704,10704,ZCTA5 10704,30165
8600000US10705,10705,ZCTA5 10705,38777
8600000US10706,10706,ZCTA5 10706,8679
8600000US10707,10707,ZCTA5 10707,10097
8600000US10708,10708,ZCTA5 10708,21225
8600000US10709,10709,ZCTA5 10709,9292
8600000US10710,10710,ZCTA5 10710,25120
8600000US10801,10801,ZCTA5 10801,40827
8600000US10803,10803,ZCTA5 10803,12435
8600000US10804,10804,ZCTA5 10804,14146
8600000US10805,10805,ZCTA5 10805,18414
8600000US10901,10901,ZCTA5 10901,23465
8600000US10910,10910,ZCTA5 10910,21
8600000US10911,10911,ZCTA5 10911,2
8600000US10913,10913,ZCTA5 10913,5532
8600000US10914,10914,ZCTA5 10914,414
8600000US10915,10915,ZCTA5 10915,119
8600000US10916,10916,ZCTA5 10916,4540
8600000US10917,10917,ZCTA5 10917,1968
8600000US10918,10918,ZCTA5 10918,11647
8600000US10919,10919,ZCTA5 10919,1040
8600000US10920,10920,ZCTA5 10920,8554
8600000US10921,10921,ZCTA5 10921,4135
8600000US10922,10922,ZCTA5 10922,1559
8600000US10923,10923,ZCTA5 10923,8732
8600000US10924,10924,ZCTA5 10924,13120
8600000US10925,10925,ZCTA5 10925,4539
8600000US10926,10926,ZCTA5 10926,3203
8600000US10927,10927,ZCTA5 10927,11910
8600000US10928,10928,ZCTA5 10928,4175
8600000US10930,10930,ZCTA5 10930,8958
8600000US10931,10931,ZCTA5 10931,1023
8600000US10932,10932,ZCTA5 10932,60
8600000US10933,10933,ZCTA5 10933,473
8600000US10940,10940,ZCTA5 10940,48418
8600000US10941,10941,ZCTA5 10941,13779
8600000US10950,10950,ZCTA5 10950,47226
8600000US10952,10952,ZCTA5 10952,38917
8600000US10953,10953,ZCTA5 10953,252
8600000US10954,10954,ZCTA5 10954,23045
8600000US10956,10956,ZCTA5 10956,31521
8600000US10958,10958,ZCTA5 10958,3291
8600000US10960,10960,ZCTA5 10960,15093
8600000US10962,10962,ZCTA5 10962,5950
8600000US10963,10963,ZCTA5 10963,4298
8600000US10964,10964,ZCTA5 10964,1472
8600000US10965,10965,ZCTA5 10965,14791
8600000US10968,10968,ZCTA5 10968,2353
8600000US10969,10969,ZCTA5 10969,1267
8600000US10970,10970,ZCTA5 10970,9993
8600000US10973,10973,ZCTA5 10973,2126
8600000US10974,10974,ZCTA5 10974,3152
8600000US10975,10975,ZCTA5 10975,281
8600000US10976,10976,ZCTA5 10976,2258
8600000US10977,10977,ZCTA5 10977,59048
8600000US10979,10979,ZCTA5 10979,234
8600000US10980,10980,ZCTA5 10980,13383
8600000US10983,10983,ZCTA5 10983,5532
8600000US10984,10984,ZCTA5 10984,2842
8600000US10985,10985,ZCTA5 10985,58
8600000US10986,10986,ZCTA5 10986,1974
8600000US10987,10987,ZCTA5 10987,3395
8600000US10988,10988,ZCTA5 10988,896
8600000US10989,10989,ZCTA5 10989,9293
8600000US10990,10990,ZCTA5 10990,20631
8600000US10992,10992,ZCTA5 10992,9621
8600000US10993,10993,ZCTA5 10993,4769
8600000US10994,10994,ZCTA5 10994,7085
8600000US10996,10996,ZCTA5 10996,6756
8600000US10998,10998,ZCTA5 10998,3122
8600000US11001,11001,ZCTA5 11001,26883
8600000US11003,11003,ZCTA5 11003,41356
8600000US11004,11004,ZCTA5 11004,14016
8600000US11005,11005,ZCTA5 11005,1806
8600000US11010,11010,ZCTA5 11010,23821
8600000US11020,11020,ZCTA5 11020,5914
8600000US11021,11021,ZCTA5 11021,17729
8600000US11023,11023,ZCTA5 11023,9027
8600000US11024,11024,ZCTA5 11024,8002
8600000US11030,11030,ZCTA5 11030,17962
8600000US11040,11040,ZCTA5 11040,40782
8600000US11042,11042,ZCTA5 11042,520
8600000US11050,11050,ZCTA5 11050,30171
8600000US11096,11096,ZCTA5 11096,8344
8600000US11101,11101,ZCTA5 11101,25484
8600000US11102,11102,ZCTA5 11102,34133
8600000US11103,11103,ZCTA5 11103,38780
8600000US11104,11104,ZCTA5 11104,27232
8600000US11105,11105,ZCTA5 11105,36688
8600000US11106,11106,ZCTA5 11106,38875
8600000US11109,11109,ZCTA5 11109,3523
8600000US11201,11201,ZCTA5 11201,51128
8600000US11203,11203,ZCTA5 11203,76174
8600000US11204,11204,ZCTA5 11204,78134
8600000US11205,11205,ZCTA5 11205,40366
8600000US11206,11206,ZCTA5 11206,81677
8600000US11207,11207,ZCTA5 11207,93386
8600000US11208,11208,ZCTA5 11208,94469
8600000US11209,11209,ZCTA5 11209,68853
8600000US11210,11210,ZCTA5 11210,62008
8600000US11211,11211,ZCTA5 11211,90117
8600000US11212,11212,ZCTA5 11212,84500
8600000US11213,11213,ZCTA5 11213,63767
8600000US11214,11214,ZCTA5 11214,88630
8600000US11215,11215,ZCTA5 11215,63488
8600000US11216,11216,ZCTA5 11216,54316
8600000US11217,11217,ZCTA5 11217,35881
8600000US11218,11218,ZCTA5 11218,75220
8600000US11219,11219,ZCTA5 11219,92221
8600000US11220,11220,ZCTA5 11220,99598
8600000US11221,11221,ZCTA5 11221,78895
8600000US11222,11222,ZCTA5 11222,36934
8600000US11223,11223,ZCTA5 11223,78731
8600000US11224,11224,ZCTA5 11224,47621
8600000US11225,11225,ZCTA5 11225,56829
8600000US11226,11226,ZCTA5 11226,101572
8600000US11228,11228,ZCTA5 11228,41788
8600000US11229,11229,ZCTA5 11229,80018
8600000US11230,11230,ZCTA5 11230,86408
8600000US11231,11231,ZCTA5 11231,33336
8600000US11232,11232,ZCTA5 11232,28265
8600000US11233,11233,ZCTA5 11233,67053
8600000US11234,11234,ZCTA5 11234,87757
8600000US11235,11235,ZCTA5 11235,79132
8600000US11236,11236,ZCTA5 11236,93877
8600000US11237,11237,ZCTA5 11237,49896
8600000US11238,11238,ZCTA5 11238,49262
8600000US11239,11239,ZCTA5 11239,13393
8600000US11351,11351,ZCTA5 11351,0
8600000US11354,11354,ZCTA5 11354,54878
8600000US11355,11355,ZCTA5 11355,85871
8600000US11356,11356,ZCTA5 11356,23438
8600000US11357,11357,ZCTA5 11357,39150
8600000US11358,11358,ZCTA5 11358,37546
8600000US11359,11359,ZCTA5 11359,0
8600000US11360,11360,ZCTA5 11360,18884
8600000US11361,11361,ZCTA5 11361,28606
8600000US11362,11362,ZCTA5 11362,17823
8600000US11363,11363,ZCTA5 11363,6988
8600000US11364,11364,ZCTA5 11364,34555
8600000US11365,11365,ZCTA5 11365,42252
8600000US11366,11366,ZCTA5 11366,13532
8600000US11367,11367,ZCTA5 11367,41047
8600000US11368,11368,ZCTA5 11368,109931
8600000US11369,11369,ZCTA5 11369,38615
8600000US11370,11370,ZCTA5 11370,39688
8600000US11371,11371,ZCTA5 11371,0
8600000US11372,11372,ZCTA5 11372,66636
8600000US11373,11373,ZCTA5 11373,100820
8600000US11374,11374,ZCTA5 11374,43600
8600000US11375,11375,ZCTA5 11375,68733
8600000US11377,11377,ZCTA5 11377,89830
8600000US11378,11378,ZCTA5 11378,34981
8600000US11379,11379,ZCTA5 11379,34821
8600000US11385,11385,ZCTA5 11385,98592
8600000US11411,11411,ZCTA5 11411,18556
8600000US11412,11412,ZCTA5 11412,34882
8600000US11413,11413,ZCTA5 11413,38912
8600000US11414,11414,ZCTA5 11414,26148
8600000US11415,11415,ZCTA5 11415,19341
8600000US11416,11416,ZCTA5 11416,24861
8600000US11417,11417,ZCTA5 11417,28967
8600000US11418,11418,ZCTA5 11418,36256
8600000US11419,11419,ZCTA5 11419,47211
8600000US11420,11420,ZCTA5 11420,44354
8600000US11421,11421,ZCTA5 11421,39127
8600000US11422,11422,ZCTA5 11422,30425
8600000US11423,11423,ZCTA5 11423,29987
8600000US11424,11424,ZCTA5 11424,0
8600000US11425,11425,ZCTA5 11425,0
8600000US11426,11426,ZCTA5 11426,17590
8600000US11427,11427,ZCTA5 11427,23593
8600000US11428,11428,ZCTA5 11428,19168
8600000US11429,11429,ZCTA5 11429,25105
8600000US11430,11430,ZCTA5 11430,184
8600000US11432,11432,ZCTA5 11432,60809
8600000US11433,11433,ZCTA5 11433,32687
8600000US11434,11434,ZCTA5 11434,59129
8600000US11435,11435,ZCTA5 11435,53687
8600000US11436,11436,ZCTA5 11436,17949
8600000US11451,11451,ZCTA5 11451,0
8600000US11501,11501,ZCTA5 11501,19148
8600000US11507,11507,ZCTA5 11507,7406
8600000US11509,11509,ZCTA5 11509,2653
8600000US11510,11510,ZCTA5 11510,33048
8600000US11514,11514,ZCTA5 11514,4673
8600000US11516,11516,ZCTA5 11516,7556
8600000US11518,11518,ZCTA5 11518,10549
8600000US11520,11520,ZCTA5 11520,43341
8600000US11530,11530,ZCTA5 11530,27273
8600000US11542,11542,ZCTA5 11542,27633
8600000US11545,11545,ZCTA5 11545,12065
8600000US11547,11547,ZCTA5 11547,793
8600000US11548,11548,ZCTA5 11548,2780
8600000US11549,11549,ZCTA5 11549,2922
8600000US11550,11550,ZCTA5 11550,56435
8600000US11552,11552,ZCTA5 11552,23616
8600000US11553,11553,ZCTA5 11553,26034
8600000US11554,11554,ZCTA5 11554,38132
8600000US11556,11556,ZCTA5 11556,17
8600000US11557,11557,ZCTA5 11557,7823
8600000US11558,11558,ZCTA5 11558,8370
8600000US11559,11559,ZCTA5 11559,8176
8600000US11560,11560,ZCTA5 11560,6464
8600000US11561,11561,ZCTA5 11561,37280
8600000US11563,11563,ZCTA5 11563,22666
8600000US11565,11565,ZCTA5 11565,8690
8600000US11566,11566,ZCTA5 11566,35321
8600000US11568,11568,ZCTA5 11568,4555
8600000US11569,11569,ZCTA5 11569,1398
8600000US11570,11570,ZCTA5 11570,26646
8600000US11572,11572,ZCTA5 11572,30574
8600000US11575,11575,ZCTA5 11575,16272
8600000US11576,11576,ZCTA5 11576,12366
8600000US11577,11577,ZCTA5 11577,12337
8600000US11579,11579,ZCTA5 11579,5055
8600000US11580,11580,ZCTA5 11580,40113
8600000US11581,11581,ZCTA5 11581,20844
8600000US11590,11590,ZCTA5 11590,45768
8600000US11596,11596,ZCTA5 11596,10480
8600000US11598,11598,ZCTA5 11598,13328
8600000US11691,11691,ZCTA5 11691,60035
8600000US11692,11692,ZCTA5 11692,18540
8600000US11693,11693,ZCTA5 11693,11916
8600000US11694,11694,ZCTA5 11694,20408
8600000US11697,11697,ZCTA5 11697,4079
8600000US11701,11701,ZCTA5 11701,27109
8600000US11702,11702,ZCTA5 11702,14498
8600000US11703,11703,ZCTA5 11703,16415
8600000US11704,11704,ZCTA5 11704,40222
8600000US11705,11705,ZCTA5 11705,8030
8600000US11706,11706,ZCTA5 11706,62543
8600000US11709,11709,ZCTA5 11709,6669
8600000US11710,11710,ZCTA5 11710,34496
8600000US11713,11713,ZCTA5 11713,10401
8600000US11714,11714,ZCTA5 11714,22658
8600000US11715,11715,ZCTA5 11715,4752
8600000US11716,11716,ZCTA5 11716,10700
8600000US11717,11717,ZCTA5 11717,60745
8600000US11718,11718,ZCTA5 11718,3103
8600000US11719,11719,ZCTA5 11719,3589
8600000US11720,11720,ZCTA5 11720,29189
8600000US11721,11721,ZCTA5 11721,6292
8600000US11722,11722,ZCTA5 11722,35177
8600000US11724,11724,ZCTA5 11724,3220
8600000US11725,11725,ZCTA5 11725,29150
8600000US11726,11726,ZCTA5 11726,19857
8600000US11727,11727,ZCTA5 11727,29030
8600000US11729,11729,ZCTA5 11729,28032
8600000US11730,11730,ZCTA5 11730,14712
8600000US11731,11731,ZCTA5 11731,30184
8600000US11732,11732,ZCTA5 11732,3430
8600000US11733,11733,ZCTA5 11733,18949
8600000US11735,11735,ZCTA5 11735,32098
8600000US11738,11738,ZCTA5 11738,17638
8600000US11739,11739,ZCTA5 11739,1223
8600000US11740,11740,ZCTA5 11740,9454
8600000US11741,11741,ZCTA5 11741,27655
8600000US11742,11742,ZCTA5 11742,13261
8600000US11743,11743,ZCTA5 11743,42230
8600000US11746,11746,ZCTA5 11746,67094
8600000US11747,11747,ZCTA5 11747,19803
8600000US11749,11749,ZCTA5 11749,3345
8600000US11751,11751,ZCTA5 11751,14961
8600000US11752,11752,ZCTA5 11752,9531
8600000US11753,11753,ZCTA5 11753,12014
8600000US11754,11754,ZCTA5 11754,18958
8600000US11755,11755,ZCTA5 11755,12387
8600000US11756,11756,ZCTA5 11756,42791
8600000US11757,11757,ZCTA5 11757,45700
8600000US11758,11758,ZCTA5 11758,53804
8600000US11762,11762,ZCTA5 11762,22360
8600000US11763,11763,ZCTA5 11763,28506
8600000US11764,11764,ZCTA5 11764,13200
8600000US11765,11765,ZCTA5 11765,737
8600000US11766,11766,ZCTA5 11766,12635
8600000US11767,11767,ZCTA5 11767,14530
8600000US11768,11768,ZCTA5 11768,21902
8600000US11769,11769,ZCTA5 11769,9506
8600000US11770,11770,ZCTA5 11770,137
8600000US11771,11771,ZCTA5 11771,10007
8600000US11772,11772,ZCTA5 11772,44837
8600000US11776,11776,ZCTA5 11776,24235
8600000US11777,11777,ZCTA5 11777,8968
8600000US11778,11778,ZCTA5 11778,12709
8600000US11779,11779,ZCTA5 11779,38421
8600000US11780,11780,ZCTA5 11780,15524
8600000US11782,11782,ZCTA5 11782,15814
8600000US11783,11783,ZCTA5 11783,21288
8600000US11784,11784,ZCTA5 11784,24655
8600000US11786,11786,ZCTA5 11786,6344
8600000US11787,11787,ZCTA5 11787,35772
8600000US11788,11788,ZCTA5 11788,16821
8600000US11789,11789,ZCTA5 11789,7895
8600000US11790,11790,ZCTA5 11790,18511
8600000US11791,11791,ZCTA5 11791,25076
8600000US11792,11792,ZCTA5 11792,8523
8600000US11793,11793,ZCTA5 11793,32298
8600000US11794,11794,ZCTA5 11794,3165
8600000US11795,11795,ZCTA5 11795,26030
8600000US11796,11796,ZCTA5 11796,4056
8600000US11797,11797,ZCTA5 11797,9041
8600000US11798,11798,ZCTA5 11798,15347
8600000US11801,11801,ZCTA5 11801,39553
8600000US11803,11803,ZCTA5 11803,28127
8600000US11804,11804,ZCTA5 11804,5010
8600000US11901,11901,ZCTA5 11901,27172
8600000US11930,11930,ZCTA5 11930,1343
8600000US11931,11931,ZCTA5 11931,151
8600000US11932,11932,ZCTA5 11932,1398
8600000US11933,11933,ZCTA5 11933,6844
8600000US11934,11934,ZCTA5 11934,7263
8600000US11935,11935,ZCTA5 11935,3304
8600000US11937,11937,ZCTA5 11937,15398
8600000US11939,11939,ZCTA5 11939,926
8600000US11940,11940,ZCTA5 11940,5210
8600000US11941,11941,ZCTA5 11941,1986
8600000US11942,11942,ZCTA5 11942,4603
8600000US11944,11944,ZCTA5 11944,4299
8600000US11946,11946,ZCTA5 11946,14068
8600000US11947,11947,ZCTA5 11947,416
8600000US11948,11948,ZCTA5 11948,1123
8600000US11949,11949,ZCTA5 11949,14573
8600000US11950,11950,ZCTA5 11950,16268
8600000US11951,11951,ZCTA5 11951,13680
8600000US11952,11952,ZCTA5 11952,4637
8600000US11953,11953,ZCTA5 11953,13553
8600000US11954,11954,ZCTA5 11954,3326
8600000US11955,11955,ZCTA5 11955,3285
8600000US11956,11956,ZCTA5 11956,349
8600000US11957,11957,ZCTA5 11957,743
8600000US11958,11958,ZCTA5 11958,635
8600000US11959,11959,ZCTA5 11959,939
8600000US11960,11960,ZCTA5 11960,1084
8600000US11961,11961,ZCTA5 11961,12834
8600000US11962,11962,ZCTA5 11962,494
8600000US11963,11963,ZCTA5 11963,6622
8600000US11964,11964,ZCTA5 11964,1858
8600000US11965,11965,ZCTA5 11965,534
8600000US11967,11967,ZCTA5 11967,26583
8600000US11968,11968,ZCTA5 11968,11593
8600000US11970,11970,ZCTA5 11970,522
8600000US11971,11971,ZCTA5 11971,5818
8600000US11972,11972,ZCTA5 11972,1321
8600000US11973,11973,ZCTA5 11973,9
8600000US11975,11975,ZCTA5 11975,408
8600000US11976,11976,ZCTA5 11976,1565
8600000US11977,11977,ZCTA5 11977,2467
8600000US11978,11978,ZCTA5 11978,3255
8600000US11980,11980,ZCTA5 11980,4990
8600000US12007,12007,ZCTA5 12007,60
8600000US12008,12008,ZCTA5 12008,497
8600000US12009,12009,ZCTA5 12009,7164
8600000US12010,12010,ZCTA5 12010,28937
8600000US12015,12015,ZCTA5 12015,3010
8600000US12017,12017,ZCTA5 12017,435
8600000US12018,12018,ZCTA5 12018,7930
8600000US12019,12019,ZCTA5 12019,14740
8600000US12020,12020,ZCTA5 12020,31192
8600000US12022,12022,ZCTA5 12022,929
8600000US12023,12023,ZCTA5 12023,2196
8600000US12024,12024,ZCTA5 12024,31
8600000US12025,12025,ZCTA5 12025,5505
8600000US12027,12027,ZCTA5 12027,3882
8600000US12028,12028,ZCTA5 12028,1172
8600000US12029,12029,ZCTA5 12029,1113
8600000US12031,12031,ZCTA5 12031,175
8600000US12032,12032,ZCTA5 12032,836
8600000US12033,12033,ZCTA5 12033,7851
8600000US12035,12035,ZCTA5 12035,802
8600000US12036,12036,ZCTA5 12036,228
8600000US12037,12037,ZCTA5 12037,4015
8600000US12040,12040,ZCTA5 12040,113
8600000US12041,12041,ZCTA5 12041,481
8600000US12042,12042,ZCTA5 12042,271
8600000US12043,12043,ZCTA5 12043,8509
8600000US12045,12045,ZCTA5 12045,584
8600000US12046,12046,ZCTA5 12046,817
8600000US12047,12047,ZCTA5 12047,19664
8600000US12051,12051,ZCTA5 12051,7070
8600000US12052,12052,ZCTA5 12052,1568
8600000US12053,12053,ZCTA5 12053,4587
8600000US12054,12054,ZCTA5 12054,16918
8600000US12056,12056,ZCTA5 12056,2310
8600000US12057,12057,ZCTA5 12057,1835
8600000US12058,12058,ZCTA5 12058,1445
8600000US12059,12059,ZCTA5 12059,1632
8600000US12060,12060,ZCTA5 12060,1507
8600000US12061,12061,ZCTA5 12061,9050
8600000US12062,12062,ZCTA5 12062,1776
8600000US12063,12063,ZCTA5 12063,444
8600000US12064,12064,ZCTA5 12064,563
8600000US12065,12065,ZCTA5 12065,41776
8600000US12066,12066,ZCTA5 12066,2143
8600000US12067,12067,ZCTA5 12067,1506
8600000US12068,12068,ZCTA5 12068,3201
8600000US12069,12069,ZCTA5 12069,256
8600000US12070,12070,ZCTA5 12070,1410
8600000US12071,12071,ZCTA5 12071,270
8600000US12072,12072,ZCTA5 12072,2890
8600000US12074,12074,ZCTA5 12074,2963
8600000US12075,12075,ZCTA5 12075,3418
8600000US12076,12076,ZCTA5 12076,1500
8600000US12077,12077,ZCTA5 12077,6246
8600000US12078,12078,ZCTA5 12078,23773
8600000US12083,12083,ZCTA5 12083,3795
8600000US12084,12084,ZCTA5 12084,4271
8600000US12085,12085,ZCTA5 12085,479
8600000US12086,12086,ZCTA5 12086,1865
8600000US12087,12087,ZCTA5 12087,1073
8600000US12089,12089,ZCTA5 12089,69
8600000US12090,12090,ZCTA5 12090,6262
8600000US12092,12092,ZCTA5 12092,1304
8600000US12093,12093,ZCTA5 12093,1666
8600000US12094,12094,ZCTA5 12094,2268
8600000US12095,12095,ZCTA5 12095,12606
8600000US12106,12106,ZCTA5 12106,2193
8600000US12108,12108,ZCTA5 12108,416
8600000US12110,12110,ZCTA5 12110,21908
8600000US12115,12115,ZCTA5 12115,189
8600000US12116,12116,ZCTA5 12116,1920
8600000US12117,12117,ZCTA5 12117,3256
8600000US12118,12118,ZCTA5 12118,13897
8600000US12120,12120,ZCTA5 12120,613
8600000US12121,12121,ZCTA5 12121,1916
8600000US12122,12122,ZCTA5 12122,4582
8600000US12123,12123,ZCTA5 12123,5124
8600000US12124,12124,ZCTA5 12124,606
8600000US12125,12125,ZCTA5 12125,1373
8600000US12130,12130,ZCTA5 12130,987
8600000US12131,12131,ZCTA5 12131,115
8600000US12132,12132,ZCTA5 12132,338
8600000US12134,12134,ZCTA5 12134,3516
8600000US12136,12136,ZCTA5 12136,804
8600000US12137,12137,ZCTA5 12137,1679
8600000US12138,12138,ZCTA5 12138,3168
8600000US12139,12139,ZCTA5 12139,295
8600000US12140,12140,ZCTA5 12140,1702
8600000US12143,12143,ZCTA5 12143,5137
8600000US12144,12144,ZCTA5 12144,20555
8600000US12147,12147,ZCTA5 12147,499
8600000US12148,12148,ZCTA5 12148,4569
8600000US12149,12149,ZCTA5 12149,2474
8600000US12150,12150,ZCTA5 12150,914
8600000US12151,12151,ZCTA5 12151,708
8600000US12153,12153,ZCTA5 12153,814
8600000US12154,12154,ZCTA5 12154,2818
8600000US12155,12155,ZCTA5 12155,1977
8600000US12156,12156,ZCTA5 12156,848
8600000US12157,12157,ZCTA5 12157,4061
8600000US12158,12158,ZCTA5 12158,6309
8600000US12159,12159,ZCTA5 12159,7896
8600000US12160,12160,ZCTA5 12160,944
8600000US12161,12161,ZCTA5 12161,160
8600000US12164,12164,ZCTA5 12164,365
8600000US12165,12165,ZCTA5 12165,175
8600000US12166,12166,ZCTA5 12166,1363
8600000US12167,12167,ZCTA5 12167,2438
8600000US12168,12168,ZCTA5 12168,1952
8600000US12169,12169,ZCTA5 12169,306
8600000US12170,12170,ZCTA5 12170,4945
8600000US12172,12172,ZCTA5 12172,405
8600000US12173,12173,ZCTA5 12173,1753
8600000US12174,12174,ZCTA5 12174,345
8600000US12175,12175,ZCTA5 12175,797
8600000US12176,12176,ZCTA5 12176,198
8600000US12177,12177,ZCTA5 12177,518
8600000US12180,12180,ZCTA5 12180,53606
8600000US12182,12182,ZCTA5 12182,14733
8600000US12183,12183,ZCTA5 12183,2620
8600000US12184,12184,ZCTA5 12184,7148
8600000US12185,12185,ZCTA5 12185,2037
8600000US12186,12186,ZCTA5 12186,6277
8600000US12187,12187,ZCTA5 12187,697
8600000US12188,12188,ZCTA5 12188,10980
8600000US12189,12189,ZCTA5 12189,17568
8600000US12190,12190,ZCTA5 12190,674
8600000US12192,12192,ZCTA5 12192,1722
8600000US12193,12193,ZCTA5 12193,2016
8600000US12194,12194,ZCTA5 12194,207
8600000US12195,12195,ZCTA5 12195,154
8600000US12196,12196,ZCTA5 12196,3031
8600000US12197,12197,ZCTA5 12197,2233
8600000US12198,12198,ZCTA5 12198,7903
8600000US12202,12202,ZCTA5 12202,9628
8600000US12203,12203,ZCTA5 12203,29952
8600000US12204,12204,ZCTA5 12204,7349
8600000US12205,12205,ZCTA5 12205,26977
8600000US12206,12206,ZCTA5 12206,16395
8600000US12207,12207,ZCTA5 12207,1948
8600000US12208,12208,ZCTA5 12208,20702
8600000US12209,12209,ZCTA5 12209,10121
8600000US12210,12210,ZCTA5 12210,10158
8600000US12211,12211,ZCTA5 12211,11303
8600000US12222,12222,ZCTA5 12222,6489
8600000US12302,12302,ZCTA5 12302,27582
8600000US12303,12303,ZCTA5 12303,29857
8600000US12304,12304,ZCTA5 12304,21482
8600000US12305,12305,ZCTA5 12305,5716
8600000US12306,12306,ZCTA5 12306,25636
8600000US12307,12307,ZCTA5 12307,7692
8600000US12308,12308,ZCTA5 12308,15335
8600000US12309,12309,ZCTA5 12309,29343
8600000US12401,12401,ZCTA5 12401,35040
8600000US12404,12404,ZCTA5 12404,3385
8600000US12405,12405,ZCTA5 12405,780
8600000US12406,12406,ZCTA5 12406,823
8600000US12407,12407,ZCTA5 12407,173
8600000US12409,12409,ZCTA5 12409,804
8600000US12410,12410,ZCTA5 12410,397
8600000US12411,12411,ZCTA5 12411,497
8600000US12412,12412,ZCTA5 12412,673
8600000US12413,12413,ZCTA5 12413,2948
8600000US12414,12414,ZCTA5 12414,10510
8600000US12416,12416,ZCTA5 12416,277
8600000US12417,12417,ZCTA5 12417,581
8600000US12418,12418,ZCTA5 12418,537
8600000US12419,12419,ZCTA5 12419,722
8600000US12420,12420,ZCTA5 12420,363
8600000US12421,12421,ZCTA5 12421,470
8600000US12422,12422,ZCTA5 12422,339
8600000US12423,12423,ZCTA5 12423,1097
8600000US12424,12424,ZCTA5 12424,250
8600000US12427,12427,ZCTA5 12427,576
8600000US12428,12428,ZCTA5 12428,6602
8600000US12429,12429,ZCTA5 12429,281
8600000US12430,12430,ZCTA5 12430,1194
8600000US12431,12431,ZCTA5 12431,1381
8600000US12432,12432,ZCTA5 12432,492
8600000US12433,12433,ZCTA5 12433,483
8600000US12434,12434,ZCTA5 12434,751
8600000US12435,12435,ZCTA5 12435,326
8600000US12436,12436,ZCTA5 12436,417
8600000US12438,12438,ZCTA5 12438,59
8600000US12439,12439,ZCTA5 12439,305
8600000US12440,12440,ZCTA5 12440,1980
8600000US12441,12441,ZCTA5 12441,114
8600000US12442,12442,ZCTA5 12442,953
8600000US12443,12443,ZCTA5 12443,3825
8600000US12444,12444,ZCTA5 12444,497
8600000US12446,12446,ZCTA5 12446,5061
8600000US12448,12448,ZCTA5 12448,388
8600000US12449,12449,ZCTA5 12449,3367
8600000US12450,12450,ZCTA5 12450,183
8600000US12451,12451,ZCTA5 12451,1674
8600000US12452,12452,ZCTA5 12452,213
8600000US12453,12453,ZCTA5 12453,366
8600000US12454,12454,ZCTA5 12454,297
8600000US12455,12455,ZCTA5 12455,1988
8600000US12456,12456,ZCTA5 12456,639
8600000US12457,12457,ZCTA5 12457,763
8600000US12458,12458,ZCTA5 12458,3232
8600000US12459,12459,ZCTA5 12459,161
8600000US12460,12460,ZCTA5 12460,277
8600000US12461,12461,ZCTA5 12461,1634
8600000US12463,12463,ZCTA5 12463,1484
8600000US12464,12464,ZCTA5 12464,1020
8600000US12465,12465,ZCTA5 12465,266
8600000US12466,12466,ZCTA5 12466,2471
8600000US12468,12468,ZCTA5 12468,1036
8600000US12469,12469,ZCTA5 12469,677
8600000US12470,12470,ZCTA5 12470,536
8600000US12471,12471,ZCTA5 12471,215
8600000US12472,12472,ZCTA5 12472,1572
8600000US12473,12473,ZCTA5 12473,861
8600000US12474,12474,ZCTA5 12474,1162
8600000US12475,12475,ZCTA5 12475,354
8600000US12477,12477,ZCTA5 12477,18787
8600000US12480,12480,ZCTA5 12480,634
8600000US12481,12481,ZCTA5 12481,1356
8600000US12482,12482,ZCTA5 12482,680
8600000US12483,12483,ZCTA5 12483,259
8600000US12484,12484,ZCTA5 12484,2733
8600000US12485,12485,ZCTA5 12485,865
8600000US12486,12486,ZCTA5 12486,1523
8600000US12487,12487,ZCTA5 12487,3268
8600000US12489,12489,ZCTA5 12489,1292
8600000US12490,12490,ZCTA5 12490,110
8600000US12491,12491,ZCTA5 12491,1675
8600000US12492,12492,ZCTA5 12492,271
8600000US12493,12493,ZCTA5 12493,495
8600000US12494,12494,ZCTA5 12494,764
8600000US12495,12495,ZCTA5 12495,265
8600000US12496,12496,ZCTA5 12496,1634
8600000US12498,12498,ZCTA5 12498,4851
8600000US12501,12501,ZCTA5 12501,2457
8600000US12502,12502,ZCTA5 12502,1164
8600000US12503,12503,ZCTA5 12503,775
8600000US12504,12504,ZCTA5 12504,1395
8600000US12507,12507,ZCTA5 12507,167
8600000US12508,12508,ZCTA5 12508,19880
8600000US12512,12512,ZCTA5 12512,127
8600000US12513,12513,ZCTA5 12513,651
8600000US12514,12514,ZCTA5 12514,2938
8600000US12515,12515,ZCTA5 12515,1549
8600000US12516,12516,ZCTA5 12516,1833
8600000US12517,12517,ZCTA5 12517,509
8600000US12518,12518,ZCTA5 12518,5870
8600000US12520,12520,ZCTA5 12520,3109
8600000US12521,12521,ZCTA5 12521,1644
8600000US12522,12522,ZCTA5 12522,5172
8600000US12523,12523,ZCTA5 12523,1798
8600000US12524,12524,ZCTA5 12524,15598
8600000US12525,12525,ZCTA5 12525,3311
8600000US12526,12526,ZCTA5 12526,3686
8600000US12527,12527,ZCTA5 12527,147
8600000US12528,12528,ZCTA5 12528,13344
8600000US12529,12529,ZCTA5 12529,2859
8600000US12530,12530,ZCTA5 12530,124
8600000US12531,12531,ZCTA5 12531,3601
8600000US12533,12533,ZCTA5 12533,25307
8600000US12534,12534,ZCTA5 12534,17867
8600000US12538,12538,ZCTA5 12538,14578
8600000US12540,12540,ZCTA5 12540,7802
8600000US12542,12542,ZCTA5 12542,5913
8600000US12543,12543,ZCTA5 12543,3001
8600000US12545,12545,ZCTA5 12545,4763
8600000US12546,12546,ZCTA5 12546,3039
8600000US12547,12547,ZCTA5 12547,2891
8600000US12548,12548,ZCTA5 12548,1494
8600000US12549,12549,ZCTA5 12549,10201
8600000US12550,12550,ZCTA5 12550,54447
8600000US12553,12553,ZCTA5 12553,24438
8600000US12561,12561,ZCTA5 12561,18308
8600000US12563,12563,ZCTA5 12563,8084
8600000US12564,12564,ZCTA5 12564,7338
8600000US12565,12565,ZCTA5 12565,1487
8600000US12566,12566,ZCTA5 12566,10753
8600000US12567,12567,ZCTA5 12567,2854
8600000US12569,12569,ZCTA5 12569,9826
8600000US12570,12570,ZCTA5 12570,7699
8600000US12571,12571,ZCTA5 12571,9918
8600000US12572,12572,ZCTA5 12572,9123
8600000US12574,12574,ZCTA5 12574,329
8600000US12575,12575,ZCTA5 12575,2258
8600000US12577,12577,ZCTA5 12577,2029
8600000US12578,12578,ZCTA5 12578,2411
8600000US12580,12580,ZCTA5 12580,4402
8600000US12581,12581,ZCTA5 12581,2246
8600000US12582,12582,ZCTA5 12582,6191
8600000US12583,12583,ZCTA5 12583,2451
8600000US12585,12585,ZCTA5 12585,885
8600000US12586,12586,ZCTA5 12586,12540
8600000US12589,12589,ZCTA5 12589,17228
8600000US12590,12590,ZCTA5 12590,35102
8600000US12592,12592,ZCTA5 12592,1486
8600000US12594,12594,ZCTA5 12594,4275
8600000US12601,12601,ZCTA5 12601,43398
8600000US12603,12603,ZCTA5 12603,42810
8600000US12604,12604,ZCTA5 12604,586
8600000US12701,12701,ZCTA5 12701,11324
8600000US12719,12719,ZCTA5 12719,1207
8600000US12720,12720,ZCTA5 12720,172
8600000US12721,12721,ZCTA5 12721,6627
8600000US12722,12722,ZCTA5 12722,158
8600000US12723,12723,ZCTA5 12723,1826
8600000US12724,12724,ZCTA5 12724,245
8600000US12725,12725,ZCTA5 12725,277
8600000US12726,12726,ZCTA5 12726,1162
8600000US12729,12729,ZCTA5 12729,1874
8600000US12732,12732,ZCTA5 12732,786
8600000US12733,12733,ZCTA5 12733,1446
8600000US12734,12734,ZCTA5 12734,867
8600000US12736,12736,ZCTA5 12736,118
8600000US12737,12737,ZCTA5 12737,1910
8600000US12738,12738,ZCTA5 12738,320
8600000US12740,12740,ZCTA5 12740,1886
8600000US12741,12741,ZCTA5 12741,351
8600000US12742,12742,ZCTA5 12742,181
8600000US12743,12743,ZCTA5 12743,389
8600000US12745,12745,ZCTA5 12745,178
8600000US12746,12746,ZCTA5 12746,937
8600000US12747,12747,ZCTA5 12747,1714
8600000US12748,12748,ZCTA5 12748,2076
8600000US12749,12749,ZCTA5 12749,300
8600000US12750,12750,ZCTA5 12750,187
8600000US12751,12751,ZCTA5 12751,1054
8600000US12752,12752,ZCTA5 12752,242
8600000US12754,12754,ZCTA5 12754,7221
8600000US12758,12758,ZCTA5 12758,4042
8600000US12759,12759,ZCTA5 12759,1649
8600000US12760,12760,ZCTA5 12760,482
8600000US12762,12762,ZCTA5 12762,512
8600000US12763,12763,ZCTA5 12763,942
8600000US12764,12764,ZCTA5 12764,1802
8600000US12765,12765,ZCTA5 12765,885
8600000US12766,12766,ZCTA5 12766,437
8600000US12767,12767,ZCTA5 12767,126
8600000US12768,12768,ZCTA5 12768,1131
8600000US12769,12769,ZCTA5 12769,253
8600000US12770,12770,ZCTA5 12770,296
8600000US12771,12771,ZCTA5 12771,14511
8600000US12775,12775,ZCTA5 12775,2297
8600000US12776,12776,ZCTA5 12776,2180
8600000US12777,12777,ZCTA5 12777,764
8600000US12778,12778,ZCTA5 12778,633
8600000US12779,12779,ZCTA5 12779,2460
8600000US12780,12780,ZCTA5 12780,2312
8600000US12781,12781,ZCTA5 12781,307
8600000US12783,12783,ZCTA5 12783,1668
8600000US12784,12784,ZCTA5 12784,94
8600000US12785,12785,ZCTA5 12785,1024
8600000US12786,12786,ZCTA5 12786,665
8600000US12787,12787,ZCTA5 12787,452
8600000US12788,12788,ZCTA5 12788,2908
8600000US12789,12789,ZCTA5 12789,1838
8600000US12790,12790,ZCTA5 12790,4518
8600000US12791,12791,ZCTA5 12791,737
8600000US12792,12792,ZCTA5 12792,335
8600000US12801,12801,ZCTA5 12801,14707
8600000US12803,12803,ZCTA5 12803,7567
8600000US12804,12804,ZCTA5 12804,26540
8600000US12808,12808,ZCTA5 12808,306
8600000US12809,12809,ZCTA5 12809,3528
8600000US12810,12810,ZCTA5 12810,627
8600000US12811,12811,ZCTA5 12811,127
8600000US12812,12812,ZCTA5 12812,150
8600000US12814,12814,ZCTA5 12814,1574
8600000US12815,12815,ZCTA5 12815,871
8600000US12816,12816,ZCTA5 12816,4610
8600000US12817,12817,ZCTA5 12817,2274
8600000US12819,12819,ZCTA5 12819,403
8600000US12821,12821,ZCTA5 12821,2750
8600000US12822,12822,ZCTA5 12822,6200
8600000US12823,12823,ZCTA5 12823,238
8600000US12824,12824,ZCTA5 12824,894
8600000US12827,12827,ZCTA5 12827,3877
8600000US12828,12828,ZCTA5 12828,9448
8600000US12831,12831,ZCTA5 12831,17416
8600000US12832,12832,ZCTA5 12832,7106
8600000US12833,12833,ZCTA5 12833,4401
8600000US12834,12834,ZCTA5 12834,6594
8600000US12835,12835,ZCTA5 12835,2603
8600000US12836,12836,ZCTA5 12836,574
8600000US12837,12837,ZCTA5 12837,857
8600000US12838,12838,ZCTA5 12838,608
8600000US12839,12839,ZCTA5 12839,13588
8600000US12841,12841,ZCTA5 12841,77
8600000US12842,12842,ZCTA5 12842,1166
8600000US12843,12843,ZCTA5 12843,600
8600000US12844,12844,ZCTA5 12844,199
8600000US12845,12845,ZCTA5 12845,4842
8600000US12846,12846,ZCTA5 12846,3298
8600000US12847,12847,ZCTA5 12847,605
8600000US12849,12849,ZCTA5 12849,385
8600000US12850,12850,ZCTA5 12850,2835
8600000US12851,12851,ZCTA5 12851,366
8600000US12852,12852,ZCTA5 12852,436
8600000US12853,12853,ZCTA5 12853,1770
8600000US12855,12855,ZCTA5 12855,259
8600000US12856,12856,ZCTA5 12856,187
8600000US12857,12857,ZCTA5 12857,498
8600000US12858,12858,ZCTA5 12858,59
8600000US12859,12859,ZCTA5 12859,2220
8600000US12860,12860,ZCTA5 12860,748
8600000US12861,12861,ZCTA5 12861,609
8600000US12862,12862,ZCTA5 12862,17
8600000US12863,12863,ZCTA5 12863,533
8600000US12864,12864,ZCTA5 12864,36
8600000US12865,12865,ZCTA5 12865,3663
8600000US12866,12866,ZCTA5 12866,36915
8600000US12870,12870,ZCTA5 12870,1509
8600000US12871,12871,ZCTA5 12871,4084
8600000US12872,12872,ZCTA5 12872,31
8600000US12873,12873,ZCTA5 12873,736
8600000US12874,12874,ZCTA5 12874,142
8600000US12878,12878,ZCTA5 12878,719
8600000US12883,12883,ZCTA5 12883,5025
8600000US12884,12884,ZCTA5 12884,486
8600000US12885,12885,ZCTA5 12885,4602
8600000US12886,12886,ZCTA5 12886,269
8600000US12887,12887,ZCTA5 12887,4972
8600000US12901,12901,ZCTA5 12901,33439
8600000US12903,12903,ZCTA5 12903,1217
8600000US12910,12910,ZCTA5 12910,2148
8600000US12911,12911,ZCTA5 12911,36
8600000US12912,12912,ZCTA5 12912,1998
8600000US12913,12913,ZCTA5 12913,1157
8600000US12914,12914,ZCTA5 12914,1044
8600000US12916,12916,ZCTA5 12916,2135
8600000US12917,12917,ZCTA5 12917,1403
8600000US12918,12918,ZCTA5 12918,2381
8600000US12919,12919,ZCTA5 12919,3037
8600000US12920,12920,ZCTA5 12920,2842
8600000US12921,12921,ZCTA5 12921,2410
8600000US12922,12922,ZCTA5 12922,65
8600000US12923,12923,ZCTA5 12923,632
8600000US12924,12924,ZCTA5 12924,158
8600000US12926,12926,ZCTA5 12926,2208
8600000US12927,12927,ZCTA5 12927,224
8600000US12928,12928,ZCTA5 12928,2028
8600000US12929,12929,ZCTA5 12929,3938
8600000US12930,12930,ZCTA5 12930,634
8600000US12932,12932,ZCTA5 12932,1236
8600000US12933,12933,ZCTA5 12933,17
8600000US12934,12934,ZCTA5 12934,1074
8600000US12935,12935,ZCTA5 12935,1748
8600000US12936,12936,ZCTA5 12936,599
8600000US12937,12937,ZCTA5 12937,1572
8600000US12939,12939,ZCTA5 12939,205
8600000US12941,12941,ZCTA5 12941,1428
8600000US12942,12942,ZCTA5 12942,646
8600000US12943,12943,ZCTA5 12943,459
8600000US12944,12944,ZCTA5 12944,4080
8600000US12945,12945,ZCTA5 12945,638
8600000US12946,12946,ZCTA5 12946,5492
8600000US12950,12950,ZCTA5 12950,929
8600000US12952,12952,ZCTA5 12952,546
8600000US12953,12953,ZCTA5 12953,15836
8600000US12955,12955,ZCTA5 12955,381
8600000US12956,12956,ZCTA5 12956,1259
8600000US12957,12957,ZCTA5 12957,1726
8600000US12958,12958,ZCTA5 12958,1929
8600000US12959,12959,ZCTA5 12959,1369
8600000US12960,12960,ZCTA5 12960,1148
8600000US12961,12961,ZCTA5 12961,180
8600000US12962,12962,ZCTA5 12962,5499
8600000US12964,12964,ZCTA5 12964,161
8600000US12965,12965,ZCTA5 12965,516
8600000US12966,12966,ZCTA5 12966,2915
8600000US12967,12967,ZCTA5 12967,1223
8600000US12969,12969,ZCTA5 12969,423
8600000US12970,12970,ZCTA5 12970,963
8600000US12972,12972,ZCTA5 12972,6364
8600000US12973,12973,ZCTA5 12973,187
8600000US12974,12974,ZCTA5 12974,1599
8600000US12975,12975,ZCTA5 12975,265
8600000US12976,12976,ZCTA5 12976,260
8600000US12977,12977,ZCTA5 12977,1753
8600000US12978,12978,ZCTA5 12978,403
8600000US12979,12979,ZCTA5 12979,2304
8600000US12980,12980,ZCTA5 12980,1304
8600000US12981,12981,ZCTA5 12981,2253
8600000US12983,12983,ZCTA5 12983,7494
8600000US12985,12985,ZCTA5 12985,1072
8600000US12986,12986,ZCTA5 12986,6120
8600000US12987,12987,ZCTA5 12987,201
8600000US12989,12989,ZCTA5 12989,1010
8600000US12992,12992,ZCTA5 12992,4778
8600000US12993,12993,ZCTA5 12993,1623
8600000US12996,12996,ZCTA5 12996,2086
8600000US12997,12997,ZCTA5 12997,1239
8600000US12998,12998,ZCTA5 12998,526
8600000US13020,13020,ZCTA5 13020,150
8600000US13021,13021,ZCTA5 13021,39506
8600000US13024,13024,ZCTA5 13024,1733
8600000US13026,13026,ZCTA5 13026,1914
8600000US13027,13027,ZCTA5 13027,31637
8600000US13028,13028,ZCTA5 13028,1350
8600000US13029,13029,ZCTA5 13029,7109
8600000US13030,13030,ZCTA5 13030,3892
8600000US13031,13031,ZCTA5 13031,15551
8600000US13032,13032,ZCTA5 13032,12790
8600000US13033,13033,ZCTA5 13033,3556
8600000US13034,13034,ZCTA5 13034,1989
8600000US13035,13035,ZCTA5 13035,8617
8600000US13036,13036,ZCTA5 13036,8680
8600000US13037,13037,ZCTA5 13037,8897
8600000US13039,13039,ZCTA5 13039,17537
8600000US13040,13040,ZCTA5 13040,2758
8600000US13041,13041,ZCTA5 13041,10705
8600000US13042,13042,ZCTA5 13042,2356
8600000US13044,13044,ZCTA5 13044,2512
8600000US13045,13045,ZCTA5 13045,30112
8600000US13051,13051,ZCTA5 13051,153
8600000US13052,13052,ZCTA5 13052,1679
8600000US13053,13053,ZCTA5 13053,5015
8600000US13054,13054,ZCTA5 13054,1582
8600000US13057,13057,ZCTA5 13057,14992
8600000US13060,13060,ZCTA5 13060,2806
8600000US13061,13061,ZCTA5 13061,1040
8600000US13062,13062,ZCTA5 13062,173
8600000US13063,13063,ZCTA5 13063,1898
8600000US13064,13064,ZCTA5 13064,64
8600000US13066,13066,ZCTA5 13066,12390
8600000US13068,13068,ZCTA5 13068,5368
8600000US13069,13069,ZCTA5 13069,24931
8600000US13071,13071,ZCTA5 13071,1023
8600000US13072,13072,ZCTA5 13072,1123
8600000US13073,13073,ZCTA5 13073,6423
8600000US13074,13074,ZCTA5 13074,4488
8600000US13076,13076,ZCTA5 13076,2393
8600000US13077,13077,ZCTA5 13077,6735
8600000US13078,13078,ZCTA5 13078,9866
8600000US13080,13080,ZCTA5 13080,3631
8600000US13081,13081,ZCTA5 13081,1169
8600000US13082,13082,ZCTA5 13082,4871
8600000US13083,13083,ZCTA5 13083,1809
8600000US13084,13084,ZCTA5 13084,4409
8600000US13087,13087,ZCTA5 13087,168
8600000US13088,13088,ZCTA5 13088,22156
8600000US13090,13090,ZCTA5 13090,30124
8600000US13092,13092,ZCTA5 13092,2606
8600000US13101,13101,ZCTA5 13101,2508
8600000US13102,13102,ZCTA5 13102,85
8600000US13103,13103,ZCTA5 13103,326
8600000US13104,13104,ZCTA5 13104,15567
8600000US13108,13108,ZCTA5 13108,6175
8600000US13110,13110,ZCTA5 13110,2338
8600000US13111,13111,ZCTA5 13111,1700
8600000US13112,13112,ZCTA5 13112,1973
8600000US13113,13113,ZCTA5 13113,287
8600000US13114,13114,ZCTA5 13114,6356
8600000US13115,13115,ZCTA5 13115,224
8600000US13116,13116,ZCTA5 13116,3457
8600000US13117,13117,ZCTA5 13117,188
8600000US13118,13118,ZCTA5 13118,6382
8600000US13120,13120,ZCTA5 13120,2328
8600000US13122,13122,ZCTA5 13122,1174
8600000US13123,13123,ZCTA5 13123,314
8600000US13124,13124,ZCTA5 13124,124
8600000US13126,13126,ZCTA5 13126,37205
8600000US13131,13131,ZCTA5 13131,3895
8600000US13132,13132,ZCTA5 13132,4244
8600000US13134,13134,ZCTA5 13134,119
8600000US13135,13135,ZCTA5 13135,6617
8600000US13136,13136,ZCTA5 13136,534
8600000US13138,13138,ZCTA5 13138,61
8600000US13140,13140,ZCTA5 13140,4488
8600000US13141,13141,ZCTA5 13141,596
8600000US13142,13142,ZCTA5 13142,6451
8600000US13143,13143,ZCTA5 13143,2873
8600000US13144,13144,ZCTA5 13144,1531
8600000US13145,13145,ZCTA5 13145,1926
8600000US13146,13146,ZCTA5 13146,2443
8600000US13147,13147,ZCTA5 13147,1281
8600000US13148,13148,ZCTA5 13148,10750
8600000US13152,13152,ZCTA5 13152,7941
8600000US13153,13153,ZCTA5 13153,399
8600000US13155,13155,ZCTA5 13155,663
8600000US13156,13156,ZCTA5 13156,2000
8600000US13157,13157,ZCTA5 13157,695
8600000US13158,13158,ZCTA5 13158,1855
8600000US13159,13159,ZCTA5 13159,5184
8600000US13160,13160,ZCTA5 13160,2027
8600000US13162,13162,ZCTA5 13162,385
8600000US13163,13163,ZCTA5 13163,339
8600000US13164,13164,ZCTA5 13164,2338
8600000US13165,13165,ZCTA5 13165,10741
8600000US13166,13166,ZCTA5 13166,5610
8600000US13167,13167,ZCTA5 13167,3342
8600000US13202,13202,ZCTA5 13202,5438
8600000US13203,13203,ZCTA5 13203,16029
8600000US13204,13204,ZCTA5 13204,19931
8600000US13205,13205,ZCTA5 13205,19201
8600000US13206,13206,ZCTA5 13206,16443
8600000US13207,13207,ZCTA5 13207,13897
8600000US13208,13208,ZCTA5 13208,22854
8600000US13209,13209,ZCTA5 13209,13243
8600000US13210,13210,ZCTA5 13210,27606
8600000US13211,13211,ZCTA5 13211,6517
8600000US13212,13212,ZCTA5 13212,20356
8600000US13214,13214,ZCTA5 13214,8793
8600000US13215,13215,ZCTA5 13215,15245
8600000US13219,13219,ZCTA5 13219,15363
8600000US13224,13224,ZCTA5 13224,8891
8600000US13290,13290,ZCTA5 13290,0
8600000US13301,13301,ZCTA5 13301,98
8600000US13302,13302,ZCTA5 13302,1610
8600000US13303,13303,ZCTA5 13303,1153
8600000US13304,13304,ZCTA5 13304,1684
8600000US13305,13305,ZCTA5 13305,293
8600000US13308,13308,ZCTA5 13308,3625
8600000US13309,13309,ZCTA5 13309,5889
8600000US13310,13310,ZCTA5 13310,624
8600000US13312,13312,ZCTA5 13312,331
8600000US13313,13313,ZCTA5 13313,526
8600000US13314,13314,ZCTA5 13314,443
8600000US13315,13315,ZCTA5 13315,1419
8600000US13316,13316,ZCTA5 13316,6460
8600000US13317,13317,ZCTA5 13317,3784
8600000US13318,13318,ZCTA5 13318,1325
8600000US13319,13319,ZCTA5 13319,1079
8600000US13320,13320,ZCTA5 13320,2018
8600000US13321,13321,ZCTA5 13321,1049
8600000US13322,13322,ZCTA5 13322,1076
8600000US13323,13323,ZCTA5 13323,11323
8600000US13324,13324,ZCTA5 13324,2149
8600000US13325,13325,ZCTA5 13325,866
8600000US13326,13326,ZCTA5 13326,5561
8600000US13327,13327,ZCTA5 13327,2056
8600000US13328,13328,ZCTA5 13328,1267
8600000US13329,13329,ZCTA5 13329,3889
8600000US13331,13331,ZCTA5 13331,189
8600000US13332,13332,ZCTA5 13332,2460
8600000US13333,13333,ZCTA5 13333,62
8600000US13334,13334,ZCTA5 13334,1374
8600000US13335,13335,ZCTA5 13335,1590
8600000US13337,13337,ZCTA5 13337,790
8600000US13338,13338,ZCTA5 13338,1206
8600000US13339,13339,ZCTA5 13339,6941
8600000US13340,13340,ZCTA5 13340,8205
8600000US13341,13341,ZCTA5 13341,102
8600000US13342,13342,ZCTA5 13342,165
8600000US13343,13343,ZCTA5 13343,1658
8600000US13345,13345,ZCTA5 13345,177
8600000US13346,13346,ZCTA5 13346,6735
8600000US13348,13348,ZCTA5 13348,1469
8600000US13350,13350,ZCTA5 13350,10093
8600000US13352,13352,ZCTA5 13352,65
8600000US13353,13353,ZCTA5 13353,86
8600000US13354,13354,ZCTA5 13354,3342
8600000US13355,13355,ZCTA5 13355,905
8600000US13357,13357,ZCTA5 13357,11096
8600000US13360,13360,ZCTA5 13360,333
8600000US13361,13361,ZCTA5 13361,824
8600000US13362,13362,ZCTA5 13362,60
8600000US13363,13363,ZCTA5 13363,2315
8600000US13364,13364,ZCTA5 13364,243
8600000US13365,13365,ZCTA5 13365,8906
8600000US13367,13367,ZCTA5 13367,8830
8600000US13368,13368,ZCTA5 13368,1118
8600000US13402,13402,ZCTA5 13402,1534
8600000US13403,13403,ZCTA5 13403,7372
8600000US13404,13404,ZCTA5 13404,236
8600000US13406,13406,ZCTA5 13406,725
8600000US13407,13407,ZCTA5 13407,5453
8600000US13408,13408,ZCTA5 13408,4280
8600000US13409,13409,ZCTA5 13409,2374
8600000US13410,13410,ZCTA5 13410,241
8600000US13411,13411,ZCTA5 13411,3264
8600000US13413,13413,ZCTA5 13413,16135
8600000US13415,13415,ZCTA5 13415,77
8600000US13416,13416,ZCTA5 13416,2271
8600000US13417,13417,ZCTA5 13417,3305
8600000US13418,13418,ZCTA5 13418,255
8600000US13420,13420,ZCTA5 13420,1266
8600000US13421,13421,ZCTA5 13421,14125
8600000US13424,13424,ZCTA5 13424,2725
8600000US13425,13425,ZCTA5 13425,1970
8600000US13428,13428,ZCTA5 13428,1635
8600000US13431,13431,ZCTA5 13431,2069
8600000US13433,13433,ZCTA5 13433,1820
8600000US13435,13435,ZCTA5 13435,286
8600000US13436,13436,ZCTA5 13436,108
8600000US13437,13437,ZCTA5 13437,460
8600000US13438,13438,ZCTA5 13438,3789
8600000US13439,13439,ZCTA5 13439,3950
8600000US13440,13440,ZCTA5 13440,42986
8600000US13441,13441,ZCTA5 13441,51
8600000US13450,13450,ZCTA5 13450,104
8600000US13452,13452,ZCTA5 13452,4629
8600000US13454,13454,ZCTA5 13454,826
8600000US13456,13456,ZCTA5 13456,4164
8600000US13459,13459,ZCTA5 13459,2222
8600000US13460,13460,ZCTA5 13460,4429
8600000US13461,13461,ZCTA5 13461,3083
8600000US13464,13464,ZCTA5 13464,1189
8600000US13468,13468,ZCTA5 13468,451
8600000US13469,13469,ZCTA5 13469,847
8600000US13470,13470,ZCTA5 13470,725
8600000US13471,13471,ZCTA5 13471,3540
8600000US13472,13472,ZCTA5 13472,310
8600000US13473,13473,ZCTA5 13473,766
8600000US13475,13475,ZCTA5 13475,28
8600000US13476,13476,ZCTA5 13476,3032
8600000US13477,13477,ZCTA5 13477,1452
8600000US13478,13478,ZCTA5 13478,3083
8600000US13480,13480,ZCTA5 13480,3532
8600000US13483,13483,ZCTA5 13483,256
8600000US13484,13484,ZCTA5 13484,176
8600000US13485,13485,ZCTA5 13485,1132
8600000US13486,13486,ZCTA5 13486,815
8600000US13488,13488,ZCTA5 13488,98
8600000US13489,13489,ZCTA5 13489,658
8600000US13490,13490,ZCTA5 13490,1361
8600000US13491,13491,ZCTA5 13491,3641
8600000US13492,13492,ZCTA5 13492,11596
8600000US13493,13493,ZCTA5 13493,2070
8600000US13494,13494,ZCTA5 13494,314
8600000US13495,13495,ZCTA5 13495,2144
8600000US13501,13501,ZCTA5 13501,38546
8600000US13502,13502,ZCTA5 13502,33257
8600000US13601,13601,ZCTA5 13601,38158
8600000US13602,13602,ZCTA5 13602,3881
8600000US13603,13603,ZCTA5 13603,9760
8600000US13605,13605,ZCTA5 13605,4777
8600000US13606,13606,ZCTA5 13606,2716
8600000US13607,13607,ZCTA5 13607,1822
8600000US13608,13608,ZCTA5 13608,1719
8600000US13612,13612,ZCTA5 13612,2852
8600000US13613,13613,ZCTA5 13613,2726
8600000US13614,13614,ZCTA5 13614,357
8600000US13615,13615,ZCTA5 13615,1271
8600000US13616,13616,ZCTA5 13616,1880
8600000US13617,13617,ZCTA5 13617,11299
8600000US13618,13618,ZCTA5 13618,1711
8600000US13619,13619,ZCTA5 13619,10901
8600000US13620,13620,ZCTA5 13620,2197
8600000US13621,13621,ZCTA5 13621,650
8600000US13622,13622,ZCTA5 13622,2432
8600000US13623,13623,ZCTA5 13623,49
8600000US13624,13624,ZCTA5 13624,5457
8600000US13625,13625,ZCTA5 13625,1868
8600000US13626,13626,ZCTA5 13626,2267
8600000US13628,13628,ZCTA5 13628,220
8600000US13630,13630,ZCTA5 13630,1525
8600000US13633,13633,ZCTA5 13633,345
8600000US13634,13634,ZCTA5 13634,3984
8600000US13635,13635,ZCTA5 13635,1092
8600000US13636,13636,ZCTA5 13636,282
8600000US13637,13637,ZCTA5 13637,4491
8600000US13638,13638,ZCTA5 13638,378
8600000US13639,13639,ZCTA5 13639,243
8600000US13640,13640,ZCTA5 13640,271
8600000US13641,13641,ZCTA5 13641,91
8600000US13642,13642,ZCTA5 13642,10088
8600000US13643,13643,ZCTA5 13643,19
8600000US13646,13646,ZCTA5 13646,2211
8600000US13647,13647,ZCTA5 13647,69
8600000US13648,13648,ZCTA5 13648,2424
8600000US13650,13650,ZCTA5 13650,1391
8600000US13651,13651,ZCTA5 13651,127
8600000US13652,13652,ZCTA5 13652,1815
8600000US13654,13654,ZCTA5 13654,2461
8600000US13655,13655,ZCTA5 13655,3512
8600000US13656,13656,ZCTA5 13656,2861
8600000US13658,13658,ZCTA5 13658,2357
8600000US13659,13659,ZCTA5 13659,593
8600000US13660,13660,ZCTA5 13660,1891
8600000US13661,13661,ZCTA5 13661,1646
8600000US13662,13662,ZCTA5 13662,16582
8600000US13664,13664,ZCTA5 13664,399
8600000US13665,13665,ZCTA5 13665,882
8600000US13666,13666,ZCTA5 13666,266
8600000US13667,13667,ZCTA5 13667,3181
8600000US13668,13668,ZCTA5 13668,3329
8600000US13669,13669,ZCTA5 13669,16452
8600000US13670,13670,ZCTA5 13670,430
8600000US13672,13672,ZCTA5 13672,602
8600000US13673,13673,ZCTA5 13673,2249
8600000US13674,13674,ZCTA5 13674,126
8600000US13675,13675,ZCTA5 13675,160
8600000US13676,13676,ZCTA5 13676,16646
8600000US13677,13677,ZCTA5 13677,93
8600000US13678,13678,ZCTA5 13678,211
8600000US13679,13679,ZCTA5 13679,1853
8600000US13680,13680,ZCTA5 13680,1244
8600000US13681,13681,ZCTA5 13681,897
8600000US13682,13682,ZCTA5 13682,877
8600000US13684,13684,ZCTA5 13684,1131
8600000US13685,13685,ZCTA5 13685,2272
8600000US13687,13687,ZCTA5 13687,479
8600000US13690,13690,ZCTA5 13690,846
8600000US13691,13691,ZCTA5 13691,3176
8600000US13692,13692,ZCTA5 13692,27
8600000US13693,13693,ZCTA5 13693,503
8600000US13694,13694,ZCTA5 13694,1507
8600000US13695,13695,ZCTA5 13695,134
8600000US13696,13696,ZCTA5 13696,87
8600000US13697,13697,ZCTA5 13697,2281
8600000US13730,13730,ZCTA5 13730,2805
8600000US13731,13731,ZCTA5 13731,1162
8600000US13732,13732,ZCTA5 13732,8153
8600000US13733,13733,ZCTA5 13733,5216
8600000US13734,13734,ZCTA5 13734,2287
8600000US13736,13736,ZCTA5 13736,2338
8600000US13739,13739,ZCTA5 13739,953
8600000US13740,13740,ZCTA5 13740,554
8600000US13743,13743,ZCTA5 13743,3806
8600000US13744,13744,ZCTA5 13744,1137
8600000US13746,13746,ZCTA5 13746,2539
8600000US13748,13748,ZCTA5 13748,3800
8600000US13750,13750,ZCTA5 13750,1092
8600000US13751,13751,ZCTA5 13751,189
8600000US13752,13752,ZCTA5 13752,782
8600000US13753,13753,ZCTA5 13753,5848
8600000US13754,13754,ZCTA5 13754,3310
8600000US13755,13755,ZCTA5 13755,1228
8600000US13756,13756,ZCTA5 13756,613
8600000US13757,13757,ZCTA5 13757,1045
8600000US13760,13760,ZCTA5 13760,44264
8600000US13774,13774,ZCTA5 13774,201
8600000US13775,13775,ZCTA5 13775,1631
8600000US13776,13776,ZCTA5 13776,513
8600000US13777,13777,ZCTA5 13777,727
8600000US13778,13778,ZCTA5 13778,5948
8600000US13780,13780,ZCTA5 13780,1045
8600000US13782,13782,ZCTA5 13782,755
8600000US13783,13783,ZCTA5 13783,2670
8600000US13784,13784,ZCTA5 13784,172
8600000US13786,13786,ZCTA5 13786,464
8600000US13787,13787,ZCTA5 13787,3629
8600000US13788,13788,ZCTA5 13788,991
8600000US13790,13790,ZCTA5 13790,19104
8600000US13794,13794,ZCTA5 13794,105
8600000US13795,13795,ZCTA5 13795,3800
8600000US13796,13796,ZCTA5 13796,1236
8600000US13797,13797,ZCTA5 13797,2250
8600000US13801,13801,ZCTA5 13801,1398
8600000US13802,13802,ZCTA5 13802,718
8600000US13803,13803,ZCTA5 13803,3975
8600000US13804,13804,ZCTA5 13804,391
8600000US13806,13806,ZCTA5 13806,205
8600000US13807,13807,ZCTA5 13807,1199
8600000US13808,13808,ZCTA5 13808,1771
8600000US13809,13809,ZCTA5 13809,1517
8600000US13810,13810,ZCTA5 13810,1149
8600000US13811,13811,ZCTA5 13811,4354
8600000US13812,13812,ZCTA5 13812,2348
8600000US13813,13813,ZCTA5 13813,977
8600000US13815,13815,ZCTA5 13815,13999
8600000US13820,13820,ZCTA5 13820,22455
8600000US13825,13825,ZCTA5 13825,3442
8600000US13826,13826,ZCTA5 13826,58
8600000US13827,13827,ZCTA5 13827,11759
8600000US13830,13830,ZCTA5 13830,5042
8600000US13832,13832,ZCTA5 13832,709
8600000US13833,13833,ZCTA5 13833,4255
8600000US13834,13834,ZCTA5 13834,118
8600000US13835,13835,ZCTA5 13835,1511
8600000US13838,13838,ZCTA5 13838,4409
8600000US13839,13839,ZCTA5 13839,1405
8600000US13841,13841,ZCTA5 13841,529
8600000US13842,13842,ZCTA5 13842,695
8600000US13843,13843,ZCTA5 13843,1888
8600000US13844,13844,ZCTA5 13844,724
8600000US13845,13845,ZCTA5 13845,83
8600000US13846,13846,ZCTA5 13846,305
8600000US13847,13847,ZCTA5 13847,67
8600000US13849,13849,ZCTA5 13849,4551
8600000US13850,13850,ZCTA5 13850,22004
8600000US13856,13856,ZCTA5 13856,6596
8600000US13859,13859,ZCTA5 13859,182
8600000US13860,13860,ZCTA5 13860,94
8600000US13861,13861,ZCTA5 13861,432
8600000US13862,13862,ZCTA5 13862,4189
8600000US13863,13863,ZCTA5 13863,688
8600000US13864,13864,ZCTA5 13864,1149
8600000US13865,13865,ZCTA5 13865,6371
8600000US13901,13901,ZCTA5 13901,19773
8600000US13902,13902,ZCTA5 13902,6177
8600000US13903,13903,ZCTA5 13903,18763
8600000US13904,13904,ZCTA5 13904,9579
8600000US13905,13905,ZCTA5 13905,28026
8600000US14001,14001,ZCTA5 14001,9464
8600000US14004,14004,ZCTA5 14004,12704
8600000US14005,14005,ZCTA5 14005,1986
8600000US14006,14006,ZCTA5 14006,9858
8600000US14008,14008,ZCTA5 14008,1467
8600000US14009,14009,ZCTA5 14009,5672
8600000US14011,14011,ZCTA5 14011,9822
8600000US14012,14012,ZCTA5 14012,2362
8600000US14013,14013,ZCTA5 14013,1751
8600000US14020,14020,ZCTA5 14020,23306
8600000US14024,14024,ZCTA5 14024,1688
8600000US14025,14025,ZCTA5 14025,3039
8600000US14026,14026,ZCTA5 14026,674
8600000US14028,14028,ZCTA5 14028,1595
8600000US14030,14030,ZCTA5 14030,1807
8600000US14031,14031,ZCTA5 14031,9392
8600000US14032,14032,ZCTA5 14032,7989
8600000US14033,14033,ZCTA5 14033,2219
8600000US14034,14034,ZCTA5 14034,2742
8600000US14035,14035,ZCTA5 14035,125
8600000US14036,14036,ZCTA5 14036,5201
8600000US14037,14037,ZCTA5 14037,1166
8600000US14039,14039,ZCTA5 14039,101
8600000US14040,14040,ZCTA5 14040,2217
8600000US14041,14041,ZCTA5 14041,237
8600000US14042,14042,ZCTA5 14042,3969
8600000US14043,14043,ZCTA5 14043,24742
8600000US14047,14047,ZCTA5 14047,6440
8600000US14048,14048,ZCTA5 14048,15072
8600000US14051,14051,ZCTA5 14051,19533
8600000US14052,14052,ZCTA5 14052,17329
8600000US14054,14054,ZCTA5 14054,1344
8600000US14055,14055,ZCTA5 14055,1405
8600000US14057,14057,ZCTA5 14057,8116
8600000US14058,14058,ZCTA5 14058,2285
8600000US14059,14059,ZCTA5 14059,8933
8600000US14060,14060,ZCTA5 14060,443
8600000US14061,14061,ZCTA5 14061,349
8600000US14062,14062,ZCTA5 14062,3329
8600000US14063,14063,ZCTA5 14063,14870
8600000US14065,14065,ZCTA5 14065,1896
8600000US14066,14066,ZCTA5 14066,1318
8600000US14067,14067,ZCTA5 14067,5040
8600000US14068,14068,ZCTA5 14068,7150
8600000US14069,14069,ZCTA5 14069,844
8600000US14070,14070,ZCTA5 14070,6732
8600000US14072,14072,ZCTA5 14072,20374
8600000US14075,14075,ZCTA5 14075,41937
8600000US14080,14080,ZCTA5 14080,4330
8600000US14081,14081,ZCTA5 14081,3095
8600000US14082,14082,ZCTA5 14082,426
8600000US14085,14085,ZCTA5 14085,7353
8600000US14086,14086,ZCTA5 14086,31847
8600000US14091,14091,ZCTA5 14091,1079
8600000US14092,14092,ZCTA5 14092,11086
8600000US14094,14094,ZCTA5 14094,50666
8600000US14098,14098,ZCTA5 14098,2958
8600000US14101,14101,ZCTA5 14101,1905
8600000US14102,14102,ZCTA5 14102,1281
8600000US14103,14103,ZCTA5 14103,11183
8600000US14105,14105,ZCTA5 14105,4566
8600000US14108,14108,ZCTA5 14108,5882
8600000US14109,14109,ZCTA5 14109,1117
8600000US14111,14111,ZCTA5 14111,3352
8600000US14112,14112,ZCTA5 14112,85
8600000US14113,14113,ZCTA5 14113,703
8600000US14120,14120,ZCTA5 14120,45100
8600000US14125,14125,ZCTA5 14125,3782
8600000US14126,14126,ZCTA5 14126,588
8600000US14127,14127,ZCTA5 14127,29961
8600000US14129,14129,ZCTA5 14129,1591
8600000US14130,14130,ZCTA5 14130,265
8600000US14131,14131,ZCTA5 14131,5283
8600000US14132,14132,ZCTA5 14132,6218
8600000US14134,14134,ZCTA5 14134,104
8600000US14135,14135,ZCTA5 14135,119
8600000US14136,14136,ZCTA5 14136,5033
8600000US14138,14138,ZCTA5 14138,2018
8600000US14139,14139,ZCTA5 14139,2125
8600000US14141,14141,ZCTA5 14141,7728
8600000US14143,14143,ZCTA5 14143,1214
8600000US14145,14145,ZCTA5 14145,1618
8600000US14150,14150,ZCTA5 14150,41676
8600000US14167,14167,ZCTA5 14167,1663
8600000US14168,14168,ZCTA5 14168,36
8600000US14169,14169,ZCTA5 14169,151
8600000US14170,14170,ZCTA5 14170,2286
8600000US14171,14171,ZCTA5 14171,2077
8600000US14172,14172,ZCTA5 14172,3200
8600000US14173,14173,ZCTA5 14173,396
8600000US14174,14174,ZCTA5 14174,5794
8600000US14201,14201,ZCTA5 14201,11549
8600000US14202,14202,ZCTA5 14202,3911
8600000US14203,14203,ZCTA5 14203,1618
8600000US14204,14204,ZCTA5 14204,8691
8600000US14206,14206,ZCTA5 14206,20751
8600000US14207,14207,ZCTA5 14207,23552
8600000US14208,14208,ZCTA5 14208,11125
8600000US14209,14209,ZCTA5 14209,7926
8600000US14210,14210,ZCTA5 14210,14694
8600000US14211,14211,ZCTA5 14211,22611
8600000US14212,14212,ZCTA5 14212,10641
8600000US14213,14213,ZCTA5 14213,24465
8600000US14214,14214,ZCTA5 14214,19775
8600000US14215,14215,ZCTA5 14215,39999
8600000US14216,14216,ZCTA5 14216,22431
8600000US14217,14217,ZCTA5 14217,23480
8600000US14218,14218,ZCTA5 14218,19039
8600000US14219,14219,ZCTA5 14219,11536
8600000US14220,14220,ZCTA5 14220,24227
8600000US14221,14221,ZCTA5 14221,53555
8600000US14222,14222,ZCTA5 14222,14046
8600000US14223,14223,ZCTA5 14223,22665
8600000US14224,14224,ZCTA5 14224,39889
8600000US14225,14225,ZCTA5 14225,33385
8600000US14226,14226,ZCTA5 14226,29267
8600000US14227,14227,ZCTA5 14227,23426
8600000US14228,14228,ZCTA5 14228,20857
8600000US14261,14261,ZCTA5 14261,5713
8600000US14301,14301,ZCTA5 14301,12817
8600000US14302,14302,ZCTA5 14302,107
8600000US14303,14303,ZCTA5 14303,5981
8600000US14304,14304,ZCTA5 14304,30389
8600000US14305,14305,ZCTA5 14305,16898
8600000US14411,14411,ZCTA5 14411,14491
8600000US14414,14414,ZCTA5 14414,7142
8600000US14415,14415,ZCTA5 14415,132
8600000US14416,14416,ZCTA5 14416,3817
8600000US14418,14418,ZCTA5 14418,1325
8600000US14420,14420,ZCTA5 14420,20467
8600000US14422,14422,ZCTA5 14422,2468
8600000US14423,14423,ZCTA5 14423,4799
8600000US14424,14424,ZCTA5 14424,27007
8600000US14425,14425,ZCTA5 14425,10717
8600000US14427,14427,ZCTA5 14427,1964
8600000US14428,14428,ZCTA5 14428,8096
8600000US14432,14432,ZCTA5 14432,5726
8600000US14433,14433,ZCTA5 14433,4629
8600000US14435,14435,ZCTA5 14435,2941
8600000US14437,14437,ZCTA5 14437,11415
8600000US14441,14441,ZCTA5 14441,325
8600000US14445,14445,ZCTA5 14445,8019
8600000US14450,14450,ZCTA5 14450,41104
8600000US14454,14454,ZCTA5 14454,11073
8600000US14456,14456,ZCTA5 14456,20087
8600000US14462,14462,ZCTA5 14462,655
8600000US14464,14464,ZCTA5 14464,7524
8600000US14466,14466,ZCTA5 14466,1719
8600000US14467,14467,ZCTA5 14467,9105
8600000US14468,14468,ZCTA5 14468,17813
8600000US14469,14469,ZCTA5 14469,6220
8600000US14470,14470,ZCTA5 14470,8016
8600000US14471,14471,ZCTA5 14471,2672
8600000US14472,14472,ZCTA5 14472,8598
8600000US14475,14475,ZCTA5 14475,234
8600000US14476,14476,ZCTA5 14476,2288
8600000US14477,14477,ZCTA5 14477,1732
8600000US14478,14478,ZCTA5 14478,1595
8600000US14479,14479,ZCTA5 14479,275
8600000US14480,14480,ZCTA5 14480,833
8600000US14481,14481,ZCTA5 14481,1820
8600000US14482,14482,ZCTA5 14482,8275
8600000US14485,14485,ZCTA5 14485,4267
8600000US14486,14486,ZCTA5 14486,308
8600000US14487,14487,ZCTA5 14487,6025
8600000US14489,14489,ZCTA5 14489,7192
8600000US14502,14502,ZCTA5 14502,10691
8600000US14504,14504,ZCTA5 14504,1701
8600000US14505,14505,ZCTA5 14505,5393
8600000US14506,14506,ZCTA5 14506,1325
8600000US14507,14507,ZCTA5 14507,1351
8600000US14510,14510,ZCTA5 14510,4895
8600000US14511,14511,ZCTA5 14511,497
8600000US14512,14512,ZCTA5 14512,4721
8600000US14513,14513,ZCTA5 14513,13976
8600000US14514,14514,ZCTA5 14514,6389
8600000US14516,14516,ZCTA5 14516,2365
8600000US14517,14517,ZCTA5 14517,2883
8600000US14519,14519,ZCTA5 14519,11581
8600000US14521,14521,ZCTA5 14521,2761
8600000US14522,14522,ZCTA5 14522,9565
8600000US14525,14525,ZCTA5 14525,2865
8600000US14526,14526,ZCTA5 14526,19804
8600000US14527,14527,ZCTA5 14527,12820
8600000US14529,14529,ZCTA5 14529,67
8600000US14530,14530,ZCTA5 14530,5575
8600000US14532,14532,ZCTA5 14532,4431
8600000US14533,14533,ZCTA5 14533,2000
8600000US14534,14534,ZCTA5 14534,31426
8600000US14536,14536,ZCTA5 14536,687
8600000US14537,14537,ZCTA5 14537,207
8600000US14539,14539,ZCTA5 14539,242
8600000US14541,14541,ZCTA5 14541,4129
8600000US14542,14542,ZCTA5 14542,97
8600000US14543,14543,ZCTA5 14543,3152
8600000US14544,14544,ZCTA5 14544,2101
8600000US14545,14545,ZCTA5 14545,173
8600000US14546,14546,ZCTA5 14546,4695
8600000US14548,14548,ZCTA5 14548,4249
8600000US14549,14549,ZCTA5 14549,91
8600000US14550,14550,ZCTA5 14550,1537
8600000US14551,14551,ZCTA5 14551,5651
8600000US14555,14555,ZCTA5 14555,974
8600000US14559,14559,ZCTA5 14559,18057
8600000US14560,14560,ZCTA5 14560,2164
8600000US14561,14561,ZCTA5 14561,3086
8600000US14564,14564,ZCTA5 14564,14487
8600000US14568,14568,ZCTA5 14568,6048
8600000US14569,14569,ZCTA5 14569,6211
8600000US14571,14571,ZCTA5 14571,1176
8600000US14572,14572,ZCTA5 14572,5081
8600000US14580,14580,ZCTA5 14580,50587
8600000US14585,14585,ZCTA5 14585,120
8600000US14586,14586,ZCTA5 14586,10256
8600000US14588,14588,ZCTA5 14588,749
8600000US14589,14589,ZCTA5 14589,7854
8600000US14590,14590,ZCTA5 14590,5446
8600000US14591,14591,ZCTA5 14591,1748
8600000US14592,14592,ZCTA5 14592,110
8600000US14604,14604,ZCTA5 14604,1743
8600000US14605,14605,ZCTA5 14605,12610
8600000US14606,14606,ZCTA5 14606,28255
8600000US14607,14607,ZCTA5 14607,16223
8600000US14608,14608,ZCTA5 14608,12268
8600000US14609,14609,ZCTA5 14609,42571
8600000US14610,14610,ZCTA5 14610,14233
8600000US14611,14611,ZCTA5 14611,17396
8600000US14612,14612,ZCTA5 14612,34515
8600000US14613,14613,ZCTA5 14613,14730
8600000US14614,14614,ZCTA5 14614,1224
8600000US14615,14615,ZCTA5 14615,16099
8600000US14616,14616,ZCTA5 14616,28534
8600000US14617,14617,ZCTA5 14617,22789
8600000US14618,14618,ZCTA5 14618,22920
8600000US14619,14619,ZCTA5 14619,14749
8600000US14620,14620,ZCTA5 14620,25141
8600000US14621,14621,ZCTA5 14621,33802
8600000US14622,14622,ZCTA5 14622,12108
8600000US14623,14623,ZCTA5 14623,27173
8600000US14624,14624,ZCTA5 14624,36296
8600000US14625,14625,ZCTA5 14625,10387
8600000US14626,14626,ZCTA5 14626,30041
8600000US14627,14627,ZCTA5 14627,2320
8600000US14701,14701,ZCTA5 14701,40730
8600000US14706,14706,ZCTA5 14706,6356
8600000US14707,14707,ZCTA5 14707,239
8600000US14708,14708,ZCTA5 14708,183
8600000US14709,14709,ZCTA5 14709,1535
8600000US14710,14710,ZCTA5 14710,3540
8600000US14711,14711,ZCTA5 14711,1766
8600000US14712,14712,ZCTA5 14712,3342
8600000US14714,14714,ZCTA5 14714,487
8600000US14715,14715,ZCTA5 14715,2747
8600000US14716,14716,ZCTA5 14716,3104
8600000US14717,14717,ZCTA5 14717,636
8600000US14718,14718,ZCTA5 14718,2163
8600000US14719,14719,ZCTA5 14719,3497
8600000US14720,14720,ZCTA5 14720,675
8600000US14721,14721,ZCTA5 14721,230
8600000US14722,14722,ZCTA5 14722,153
8600000US14723,14723,ZCTA5 14723,1295
8600000US14724,14724,ZCTA5 14724,2540
8600000US14726,14726,ZCTA5 14726,2156
8600000US14727,14727,ZCTA5 14727,5450
8600000US14728,14728,ZCTA5 14728,1031
8600000US14729,14729,ZCTA5 14729,948
8600000US14731,14731,ZCTA5 14731,1576
8600000US14732,14732,ZCTA5 14732,211
8600000US14733,14733,ZCTA5 14733,3833
8600000US14735,14735,ZCTA5 14735,2751
8600000US14736,14736,ZCTA5 14736,282
8600000US14737,14737,ZCTA5 14737,4252
8600000US14738,14738,ZCTA5 14738,3651
8600000US14739,14739,ZCTA5 14739,2903
8600000US14740,14740,ZCTA5 14740,1431
8600000US14741,14741,ZCTA5 14741,1873
8600000US14742,14742,ZCTA5 14742,314
8600000US14743,14743,ZCTA5 14743,1783
8600000US14744,14744,ZCTA5 14744,2094
8600000US14747,14747,ZCTA5 14747,2289
8600000US14748,14748,ZCTA5 14748,746
8600000US14750,14750,ZCTA5 14750,4426
8600000US14752,14752,ZCTA5 14752,169
8600000US14753,14753,ZCTA5 14753,1166
8600000US14754,14754,ZCTA5 14754,667
8600000US14755,14755,ZCTA5 14755,2916
8600000US14756,14756,ZCTA5 14756,110
8600000US14757,14757,ZCTA5 14757,3487
8600000US14760,14760,ZCTA5 14760,18775
8600000US14767,14767,ZCTA5 14767,2088
8600000US14769,14769,ZCTA5 14769,919
8600000US14770,14770,ZCTA5 14770,2963
8600000US14772,14772,ZCTA5 14772,4255
8600000US14774,14774,ZCTA5 14774,151
8600000US14775,14775,ZCTA5 14775,2537
8600000US14777,14777,ZCTA5 14777,667
8600000US14778,14778,ZCTA5 14778,1453
8600000US14779,14779,ZCTA5 14779,6932
8600000US14781,14781,ZCTA5 14781,2225
8600000US14782,14782,ZCTA5 14782,2401
8600000US14783,14783,ZCTA5 14783,320
8600000US14784,14784,ZCTA5 14784,1033
8600000US14787,14787,ZCTA5 14787,5121
8600000US14788,14788,ZCTA5 14788,163
8600000US14801,14801,ZCTA5 14801,5475
8600000US14802,14802,ZCTA5 14802,4135
8600000US14803,14803,ZCTA5 14803,1174
8600000US14804,14804,ZCTA5 14804,1479
8600000US14805,14805,ZCTA5 14805,1100
8600000US14806,14806,ZCTA5 14806,2269
8600000US14807,14807,ZCTA5 14807,3076
8600000US14808,14808,ZCTA5 14808,591
8600000US14809,14809,ZCTA5 14809,2552
8600000US14810,14810,ZCTA5 14810,12356
8600000US14812,14812,ZCTA5 14812,3478
8600000US14813,14813,ZCTA5 14813,2520
8600000US14814,14814,ZCTA5 14814,1931
8600000US14815,14815,ZCTA5 14815,946
8600000US14816,14816,ZCTA5 14816,520
8600000US14817,14817,ZCTA5 14817,2380
8600000US14818,14818,ZCTA5 14818,1745
8600000US14819,14819,ZCTA5 14819,733
8600000US14820,14820,ZCTA5 14820,784
8600000US14821,14821,ZCTA5 14821,3314
8600000US14822,14822,ZCTA5 14822,1169
8600000US14823,14823,ZCTA5 14823,3754
8600000US14824,14824,ZCTA5 14824,678
8600000US14825,14825,ZCTA5 14825,919
8600000US14826,14826,ZCTA5 14826,2216
8600000US14827,14827,ZCTA5 14827,191
8600000US14830,14830,ZCTA5 14830,19850
8600000US14836,14836,ZCTA5 14836,1009
8600000US14837,14837,ZCTA5 14837,5648
8600000US14838,14838,ZCTA5 14838,1956
8600000US14839,14839,ZCTA5 14839,793
8600000US14840,14840,ZCTA5 14840,3061
8600000US14841,14841,ZCTA5 14841,915
8600000US14842,14842,ZCTA5 14842,938
8600000US14843,14843,ZCTA5 14843,13043
8600000US14845,14845,ZCTA5 14845,20453
8600000US14846,14846,ZCTA5 14846,792
8600000US14847,14847,ZCTA5 14847,2398
8600000US14850,14850,ZCTA5 14850,63886
8600000US14853,14853,ZCTA5 14853,2755
8600000US14854,14854,ZCTA5 14854,37
8600000US14855,14855,ZCTA5 14855,956
8600000US14856,14856,ZCTA5 14856,215
8600000US14858,14858,ZCTA5 14858,1598
8600000US14859,14859,ZCTA5 14859,1029
8600000US14860,14860,ZCTA5 14860,1039
8600000US14861,14861,ZCTA5 14861,1404
8600000US14864,14864,ZCTA5 14864,1307
8600000US14865,14865,ZCTA5 14865,2607
8600000US14867,14867,ZCTA5 14867,5569
8600000US14869,14869,ZCTA5 14869,1378
8600000US14870,14870,ZCTA5 14870,9821
8600000US14871,14871,ZCTA5 14871,5456
8600000US14872,14872,ZCTA5 14872,605
8600000US14873,14873,ZCTA5 14873,2448
8600000US14874,14874,ZCTA5 14874,250
8600000US14877,14877,ZCTA5 14877,401
8600000US14878,14878,ZCTA5 14878,781
8600000US14879,14879,ZCTA5 14879,2398
8600000US14880,14880,ZCTA5 14880,1668
8600000US14881,14881,ZCTA5 14881,192
8600000US14882,14882,ZCTA5 14882,3826
8600000US14883,14883,ZCTA5 14883,4136
8600000US14884,14884,ZCTA5 14884,273
8600000US14885,14885,ZCTA5 14885,873
8600000US14886,14886,ZCTA5 14886,6753
8600000US14889,14889,ZCTA5 14889,1590
8600000US14891,14891,ZCTA5 14891,4149
8600000US14892,14892,ZCTA5 14892,8189
8600000US14893,14893,ZCTA5 14893,6
8600000US14894,14894,ZCTA5 14894,1454
8600000US14895,14895,ZCTA5 14895,9616
8600000US14897,14897,ZCTA5 14897,980
8600000US14898,14898,ZCTA5 14898,1734
8600000US14901,14901,ZCTA5 14901,16736
8600000US14903,14903,ZCTA5 14903,7567
8600000US14904,14904,ZCTA5 14904,16269
8600000US14905,14905,ZCTA5 14905,9070
